id,links,title,name,new_title
kTVvtlfU-Ts,https://www.youtube.com/watch?v=kTVvtlfU-Ts&list=PLb86fgrhn0774l4_phlY_90vKQ1tOckfj&index=1&pp=iAQB8AUB,ìœ¤í•˜ (Younha) - ìš°ì‚° (Umbrella) MV,ìœ¤í•˜,ìš°ì‚° (Umbrella) 
FZpYfZiBEaU,https://www.youtube.com/watch?v=FZpYfZiBEaU&list=PLb86fgrhn0774l4_phlY_90vKQ1tOckfj&index=2&pp=iAQB8AUB,ìœ¤í•˜_ë¹„ë°€ë²ˆí˜¸486,ìœ¤í•˜,ë¹„ë°€ë²ˆí˜¸486
qwHnHYPdSQI,https://www.youtube.com/watch?v=qwHnHYPdSQI&list=PLb86fgrhn0774l4_phlY_90vKQ1tOckfj&index=3&pp=iAQB8AUB,ìœ¤í•˜ (Younha) - ìš°ë¦¬ê°€ í—¤ì–´ì§„ ì§„ì§œ ì´ìœ  (The Real Reason Why We Broke Up) MV,ìœ¤í•˜,ìš°ë¦¬ê°€ í—¤ì–´ì§„ ì§„ì§œ ì´ìœ  (The Real Reason Why We Broke Up) 
uBGKjMzibjQ,https://www.youtube.com/watch?v=uBGKjMzibjQ&list=PLb86fgrhn0774l4_phlY_90vKQ1tOckfj&index=4&pp=iAQB8AUB,[í›„ì•„ìœ  - í•™êµ 2015 OST Part 5] ìœ¤í•˜ (Younha) - ê¸°ë„ (Pray),ìœ¤í•˜,ê¸°ë„ (Pray)
WfwnietuaME,https://www.youtube.com/watch?v=WfwnietuaME&list=PLb86fgrhn0774l4_phlY_90vKQ1tOckfj&index=5&pp=iAQB8AUB,ìœ¤í•˜ - í˜œì„± (Mp3.),ìœ¤í•˜,í˜œì„±
G33WiEktUo8,https://www.youtube.com/watch?v=G33WiEktUo8&list=PLb86fgrhn0774l4_phlY_90vKQ1tOckfj&index=6&pp=iAQB8AUB,ìœ¤í•˜ (Younha) - ë‚´ ë§ˆìŒì´ ë­ê°€ ë¼ (Wasted) MV,ìœ¤í•˜,ë‚´ ë§ˆìŒì´ ë­ê°€ ë¼ (Wasted) 
zaiUgWP82Ck,https://www.youtube.com/watch?v=zaiUgWP82Ck&list=PLb86fgrhn0774l4_phlY_90vKQ1tOckfj&index=7&pp=iAQB8AUB,ìœ¤í•˜ (Younha) - ë„ ìƒê°í•´ (Prod. by ì´ì°¬í˜ of ì•…ë™ë®¤ì§€ì…˜) MV,ìœ¤í•˜,ë„ ìƒê°í•´ (Prod. by ì´ì°¬í˜ of ì•…ë™ë®¤ì§€ì…˜) 
gM8xphEIquo,https://www.youtube.com/watch?v=gM8xphEIquo&list=PLb86fgrhn0774l4_phlY_90vKQ1tOckfj&index=8&pp=iAQB8AUB,ìœ¤í•˜ (Younha) - ê´œì°®ë‹¤ MV,ìœ¤í•˜,ê´œì°®ë‹¤ 
N0q-AygtV_U,https://www.youtube.com/watch?v=N0q-AygtV_U&list=PLb86fgrhn0774l4_phlY_90vKQ1tOckfj&index=9&pp=iAQB8AUB,ìœ¤í•˜ - í¸í•œê°€ë´,ìœ¤í•˜,í¸í•œê°€ë´
lpM26RvU7Ow,https://www.youtube.com/watch?v=lpM26RvU7Ow&list=PLb86fgrhn0774l4_phlY_90vKQ1tOckfj&index=10&pp=iAQB8AUB,ìœ¤í•˜ (Younha) - í—ˆì„¸ (Prod. by íƒ€ë¸”ë¡œ) MV,ìœ¤í•˜,í—ˆì„¸ (Prod. by íƒ€ë¸”ë¡œ) 
8kQH_bBMrMQ,https://www.youtube.com/watch?v=8kQH_bBMrMQ&list=PLERDggUlyQZ-buvN7sNBLVQWlYMBCjVX2&index=1&pp=iAQB8AUB,ìˆ²,ìµœìœ ë¦¬,ìˆ²
_fd_hwSm9zI,https://www.youtube.com/watch?v=_fd_hwSm9zI&list=PLERDggUlyQZ-buvN7sNBLVQWlYMBCjVX2&index=2&pp=iAQB8AUB,"ì˜ ì§€ë‚´ì, ìš°ë¦¬",ìµœìœ ë¦¬,"ì˜ ì§€ë‚´ì, ìš°ë¦¬"
G6tAF9f4N6Q,https://www.youtube.com/watch?v=G6tAF9f4N6Q&list=PLERDggUlyQZ-buvN7sNBLVQWlYMBCjVX2&index=3&pp=iAQB8AUB,Wish,ìµœìœ ë¦¬,Wish
Qh7BuYMkops,https://www.youtube.com/watch?v=Qh7BuYMkops&list=PLERDggUlyQZ-buvN7sNBLVQWlYMBCjVX2&index=4&pp=iAQB8AUB,ë™ê·¸ë¼ë¯¸,ìµœìœ ë¦¬,ë™ê·¸ë¼ë¯¸
UBM-eArPBig,https://www.youtube.com/watch?v=UBM-eArPBig&list=PLERDggUlyQZ-buvN7sNBLVQWlYMBCjVX2&index=5&pp=iAQB8AUB,ë°”ë‹¤,ìµœìœ ë¦¬,ë°”ë‹¤
t3jDDdtM1gQ,https://www.youtube.com/watch?v=t3jDDdtM1gQ&list=PLERDggUlyQZ-buvN7sNBLVQWlYMBCjVX2&index=6&pp=iAQB8AUB,ì§€ë‚˜ê°€ìš” (Duet ìµœìœ ë¦¬),ìµœìœ ë¦¬,ì§€ë‚˜ê°€ìš”
y0FBpW-DUIc,https://www.youtube.com/watch?v=y0FBpW-DUIc&list=PLERDggUlyQZ-buvN7sNBLVQWlYMBCjVX2&index=7&pp=iAQB8AUB,ë,ìµœìœ ë¦¬,ë
3u_f_LOUtPc,https://www.youtube.com/watch?v=3u_f_LOUtPc&list=PLERDggUlyQZ-buvN7sNBLVQWlYMBCjVX2&index=8&pp=iAQB8AUB,That's all,ìµœìœ ë¦¬,That's all
QHVBHSI0NfQ,https://www.youtube.com/watch?v=QHVBHSI0NfQ&list=PLERDggUlyQZ-buvN7sNBLVQWlYMBCjVX2&index=9&pp=iAQB8AUB,ì‚¬ë‘,ìµœìœ ë¦¬,ì‚¬ë‘
epfxnk8jBsc,https://www.youtube.com/watch?v=epfxnk8jBsc&list=PLERDggUlyQZ-buvN7sNBLVQWlYMBCjVX2&index=10&pp=iAQB8AUB,ë‹¹ì‹ ì€ ëˆ„êµ¬ì‹œê¸¸ë˜,ìµœìœ ë¦¬,ë‹¹ì‹ ì€ ëˆ„êµ¬ì‹œê¸¸ë˜
5_IYVichXbA,https://www.youtube.com/watch?v=5_IYVichXbA&list=PLJ-MBe9La122gyo25XzJGOi54shIOY3e7&index=1&pp=iAQB8AUB,eight (Prod. & Feat. SUGA of BTS) (ì—ì‡(Prod. & Feat. SUGA of BTS)),ì•„ì´ìœ ,ì—ì‡(Prod. & Feat. SUGA of BTS)
I0_ZXHzKysc,https://www.youtube.com/watch?v=I0_ZXHzKysc&list=PLJ-MBe9La122gyo25XzJGOi54shIOY3e7&index=2&pp=iAQB8AUB,Blueming (Blueming),ì•„ì´ìœ ,Blueming (Blueming)
BZqfL_2CzKg,https://www.youtube.com/watch?v=BZqfL_2CzKg&list=PLJ-MBe9La122gyo25XzJGOi54shIOY3e7&index=3&pp=iAQB8AUB,BBIBBI (ì‚ì‚),ì•„ì´ìœ ,BBIBBI (ì‚ì‚)
2C1Jg04INb4,https://www.youtube.com/watch?v=2C1Jg04INb4&list=PLJ-MBe9La122gyo25XzJGOi54shIOY3e7&index=4&pp=iAQB8AUB,Palette (feat. G-DRAGON) (íŒ”ë ˆíŠ¸ (feat. G-DRAGON)),ì•„ì´ìœ ,Palette (feat. G-DRAGON) (íŒ”ë ˆíŠ¸ (feat. G-DRAGON))
euI-C1YONaU,https://www.youtube.com/watch?v=euI-C1YONaU&list=PLJ-MBe9La122gyo25XzJGOi54shIOY3e7&index=5&pp=iAQB8AUB,Give You My Heart (ë§ˆìŒì„ ë“œë ¤ìš”),ì•„ì´ìœ ,Give You My Heart (ë§ˆìŒì„ ë“œë ¤ìš”)
NnRjwEhFU70,https://www.youtube.com/watch?v=NnRjwEhFU70&list=PLJ-MBe9La122gyo25XzJGOi54shIOY3e7&index=6&pp=iAQB8AUB,Through the Night (ë°¤í¸ì§€),ì•„ì´ìœ ,Through the Night (ë°¤í¸ì§€)
OIHlzvEKncQ,https://www.youtube.com/watch?v=OIHlzvEKncQ&list=PLJ-MBe9La122gyo25XzJGOi54shIOY3e7&index=7&pp=iAQB8AUB,Good day (ì¢‹ì€ ë‚ ),ì•„ì´ìœ ,Good day (ì¢‹ì€ ë‚ )
GXNHaLIhyMY,https://www.youtube.com/watch?v=GXNHaLIhyMY&list=PLJ-MBe9La122gyo25XzJGOi54shIOY3e7&index=8&pp=iAQB8AUB,Twenty-three (ìŠ¤ë¬¼ì…‹),ì•„ì´ìœ ,Twenty-three (ìŠ¤ë¬¼ì…‹)
U9aJbs4Prfo,https://www.youtube.com/watch?v=U9aJbs4Prfo&list=PLJ-MBe9La122gyo25XzJGOi54shIOY3e7&index=9&pp=iAQB8AUB,above the time (ì‹œê°„ì˜ ë°”ê¹¥),ì•„ì´ìœ ,above the time (ì‹œê°„ì˜ ë°”ê¹¥)
kcx0a2OAhN0,https://www.youtube.com/watch?v=kcx0a2OAhN0&list=PLJ-MBe9La122gyo25XzJGOi54shIOY3e7&index=10&pp=iAQB8AUB,Love poem (Love poem),ì•„ì´ìœ ,Love poem (Love poem)
7nigXQS1Xb0,https://www.youtube.com/watch?v=7nigXQS1Xb0&list=PLG58Rok5_UDsXyqM8Ohw_gC3HAFh6i_N2&index=1&pp=iAQB8AUB,INVU,íƒœì—°,INVU
INLFlN-PZq4,https://www.youtube.com/watch?v=INLFlN-PZq4&list=PLG58Rok5_UDsXyqM8Ohw_gC3HAFh6i_N2&index=2&pp=iAQB8AUB,Weekend,íƒœì—°,Weekend
u1uvv_yKhH8,https://www.youtube.com/watch?v=u1uvv_yKhH8&list=PLG58Rok5_UDsXyqM8Ohw_gC3HAFh6i_N2&index=3&pp=iAQB8AUB,Fine,íƒœì—°,Fine
_Pm74XignKI,https://www.youtube.com/watch?v=_Pm74XignKI&list=PLG58Rok5_UDsXyqM8Ohw_gC3HAFh6i_N2&index=4&pp=iAQB8AUB,Can't Control Myself,íƒœì—°,Can't Control Myself
ShP6KqZVQtM,https://www.youtube.com/watch?v=ShP6KqZVQtM&list=PLG58Rok5_UDsXyqM8Ohw_gC3HAFh6i_N2&index=5&pp=iAQB8AUB,I,íƒœì—°,I
XReCgXhOg3E,https://www.youtube.com/watch?v=XReCgXhOg3E&list=PLG58Rok5_UDsXyqM8Ohw_gC3HAFh6i_N2&index=6&pp=iAQB8AUB,11:11,íƒœì—°,11:11
CinJhZF5ZuA,https://www.youtube.com/watch?v=CinJhZF5ZuA&list=PLG58Rok5_UDsXyqM8Ohw_gC3HAFh6i_N2&index=7&pp=iAQB8AUB,ë¶ˆí‹° Spark,íƒœì—°,ë¶ˆí‹° Spark
yxagVXtlE_0,https://www.youtube.com/watch?v=yxagVXtlE_0&list=PLG58Rok5_UDsXyqM8Ohw_gC3HAFh6i_N2&index=8&pp=iAQB8AUB,ì‚¬ê³„ Four Seasons,íƒœì—°,ì‚¬ê³„ Four Seasons
FFbvbMhrEdI,https://www.youtube.com/watch?v=FFbvbMhrEdI&list=PLG58Rok5_UDsXyqM8Ohw_gC3HAFh6i_N2&index=9&pp=iAQB8AUB,What Do I Call You,íƒœì—°,What Do I Call You
aDCzWqHCeYQ,https://www.youtube.com/watch?v=aDCzWqHCeYQ&list=PLG58Rok5_UDsXyqM8Ohw_gC3HAFh6i_N2&index=10&pp=iAQB8AUB,Rain,íƒœì—°,Rain
VY_BU1Ja_TM,https://www.youtube.com/watch?v=VY_BU1Ja_TM&list=PLShaVkJANqFwRXUqbKv_73dulXIOlcGxy&index=1&pp=iAQB8AUB,Dear my X (ë‚˜ì˜ Xì—ê²Œ),ê²½ì„œ,Dear my X (ë‚˜ì˜ Xì—ê²Œ)
byE-jLoSojA,https://www.youtube.com/watch?v=byE-jLoSojA&list=PLShaVkJANqFwRXUqbKv_73dulXIOlcGxy&index=2&pp=iAQB8AUB,My Everything (ë„Œ ë‚´êº¼ì•¼),ê²½ì„œ,My Everything (ë„Œ ë‚´êº¼ì•¼)
l-ZJLSMK0ic,https://www.youtube.com/watch?v=l-ZJLSMK0ic&list=PLShaVkJANqFwRXUqbKv_73dulXIOlcGxy&index=3&pp=iAQB8AUB,flutter (ë´„ì´ì•¼),ê²½ì„œ,flutter (ë´„ì´ì•¼)
OnhYn26OQ7Y,https://www.youtube.com/watch?v=OnhYn26OQ7Y&list=PLShaVkJANqFwRXUqbKv_73dulXIOlcGxy&index=4&pp=iAQB8AUB,CHECKLIST (ê³ ë°±ì—°ìŠµ),ê²½ì„œ,CHECKLIST (ê³ ë°±ì—°ìŠµ)
ZAHtwfJrJp0,https://www.youtube.com/watch?v=ZAHtwfJrJp0&list=PLShaVkJANqFwRXUqbKv_73dulXIOlcGxy&index=5&pp=iAQB8AUB,Shiny Star (2020) (ë°¤ í•˜ëŠ˜ì˜ ë³„ì„(2020)),ê²½ì„œ,Shiny Star (2020) (ë°¤ í•˜ëŠ˜ì˜ ë³„ì„(2020))
xFuwU2AMhkg,https://www.youtube.com/watch?v=xFuwU2AMhkg&list=PLShaVkJANqFwRXUqbKv_73dulXIOlcGxy&index=6&pp=iAQB8AUB,"Blue Whale (From ""Vocal Play: Campus Music Olympiad Semi Final"")",ê²½ì„œ,"Blue Whale (From ""Vocal Play: Campus Music Olympiad Semi Final"")"
x7RLf9niRCQ,https://www.youtube.com/watch?v=x7RLf9niRCQ&list=PLShaVkJANqFwRXUqbKv_73dulXIOlcGxy&index=7&pp=iAQB8AUB,Dream about You,ê²½ì„œ,Dream about You
QobRhpTWA28,https://www.youtube.com/watch?v=QobRhpTWA28&list=PLShaVkJANqFwRXUqbKv_73dulXIOlcGxy&index=8&pp=iAQB8AUB,ë‚´ê°€ ì•¼! í•˜ë©´ ë„Œ ì˜ˆ! (feat. ê²½ì„œ),ê²½ì„œ,ë‚´ê°€ ì•¼! í•˜ë©´ ë„Œ ì˜ˆ
jtSSQ1mVyQw,https://www.youtube.com/watch?v=jtSSQ1mVyQw&list=PLShaVkJANqFwRXUqbKv_73dulXIOlcGxy&index=9&pp=iAQB8AUB,The day I first fell in love (Prod. DOKO) (ì´ëŸ° ê¸°ë¶„ ì²˜ìŒì´ì•¼ (Prod. DOKO(ë„ì½”))),ê²½ì„œ,The day I first fell in love (Prod. DOKO) (ì´ëŸ° ê¸°ë¶„ ì²˜ìŒì´ì•¼ (Prod. DOKO(ë„ì½”)))
7V-GouT3Q1U,https://www.youtube.com/watch?v=7V-GouT3Q1U&list=PLShaVkJANqFwRXUqbKv_73dulXIOlcGxy&index=10&pp=iAQB8AUB,"Thank You For Today (From ""Vocal Play: Campus Music Olympiad Final"")",ê²½ì„œ,"Thank You For Today (From ""Vocal Play: Campus Music Olympiad Final"")"
0i2wOl5PDOw,https://www.youtube.com/watch?v=0i2wOl5PDOw&list=PLCyJfaNcHj0hmY2vNXGmv-Q7ojhEutIbQ&index=1&pp=iAQB8AUB,ìš°ì£¼ë¥¼ ì¤„ê²Œ,ë³¼ë¹¨ê°„ ì‚¬ì¶˜ê¸°,ìš°ì£¼ë¥¼ ì¤„ê²Œ
krpfUwaftPs,https://www.youtube.com/watch?v=krpfUwaftPs&list=PLCyJfaNcHj0hmY2vNXGmv-Q7ojhEutIbQ&index=2&pp=iAQB8AUB,ì¸ íƒˆêº¼ì•¼,ë³¼ë¹¨ê°„ ì‚¬ì¶˜ê¸°,ì¸ íƒˆêº¼ì•¼
DMcRIihAq9Q,https://www.youtube.com/watch?v=DMcRIihAq9Q&list=PLCyJfaNcHj0hmY2vNXGmv-Q7ojhEutIbQ&index=3&pp=iAQB8AUB,ì—¬í–‰,ë³¼ë¹¨ê°„ ì‚¬ì¶˜ê¸°,ì—¬í–‰
-1R2RfcGclg,https://www.youtube.com/watch?v=-1R2RfcGclg&list=PLCyJfaNcHj0hmY2vNXGmv-Q7ojhEutIbQ&index=4&pp=iAQB8AUB,ë‚¨ì´ ë  ìˆ˜ ìˆì„ê¹Œ,ë³¼ë¹¨ê°„ ì‚¬ì¶˜ê¸°,ë‚¨ì´ ë  ìˆ˜ ìˆì„ê¹Œ
bWPxFjZ2GX0,https://www.youtube.com/watch?v=bWPxFjZ2GX0&list=PLCyJfaNcHj0hmY2vNXGmv-Q7ojhEutIbQ&index=5&pp=iAQB8AUB,"ë‚˜ë§Œ, ë´„",ë³¼ë¹¨ê°„ ì‚¬ì¶˜ê¸°,"ë‚˜ë§Œ, ë´„"
4_phMXGTgrM,https://www.youtube.com/watch?v=4_phMXGTgrM&list=PLCyJfaNcHj0hmY2vNXGmv-Q7ojhEutIbQ&index=6&pp=iAQB8AUB,ì²˜ìŒë¶€í„° ë„ˆì™€ ë‚˜,ë³¼ë¹¨ê°„ ì‚¬ì¶˜ê¸°,ì²˜ìŒë¶€í„° ë„ˆì™€ ë‚˜
o1MtOu0Z4Hg,https://www.youtube.com/watch?v=o1MtOu0Z4Hg&list=PLCyJfaNcHj0hmY2vNXGmv-Q7ojhEutIbQ&index=7&pp=iAQB8AUB,ì‹¬ìˆ ,ë³¼ë¹¨ê°„ ì‚¬ì¶˜ê¸°,ì‹¬ìˆ 
nDBK2k0FwB8,https://www.youtube.com/watch?v=nDBK2k0FwB8&list=PLCyJfaNcHj0hmY2vNXGmv-Q7ojhEutIbQ&index=8&pp=iAQB8AUB,Blue,ë³¼ë¹¨ê°„ ì‚¬ì¶˜ê¸°,Blue
VDNtjtIMPL0,https://www.youtube.com/watch?v=VDNtjtIMPL0&list=PLCyJfaNcHj0hmY2vNXGmv-Q7ojhEutIbQ&index=9&pp=iAQB8AUB,ì›Œì»¤í™€ë¦­,ë³¼ë¹¨ê°„ ì‚¬ì¶˜ê¸°,ì›Œì»¤í™€ë¦­
qJgtjKDQHW4,https://www.youtube.com/watch?v=qJgtjKDQHW4&list=PLCyJfaNcHj0hmY2vNXGmv-Q7ojhEutIbQ&index=10&pp=iAQB8AUB,Mermaid,ë³¼ë¹¨ê°„ ì‚¬ì¶˜ê¸°,Mermaid
uw_HR9jIJww,https://www.youtube.com/watch?v=uw_HR9jIJww&list=PLooeWILrVByIoT2A8Gfx4GgRWDg7mqYX5&index=1&pp=iAQB8AUB,í—¤ì´ì¦ˆ (Heize) - Jenga (Feat. Gaeko) MV,í—¤ì´ì¦ˆ,Jenga (Feat. Gaeko) 
MGos22_JM1U,https://www.youtube.com/watch?v=MGos22_JM1U&list=PLooeWILrVByIoT2A8Gfx4GgRWDg7mqYX5&index=2&pp=iAQB8AUB,í—¤ì´ì¦ˆ (Heize) - ë‚´ê°€ ë” ë‚˜ë¹  (didn't know me) MV,í—¤ì´ì¦ˆ,ë‚´ê°€ ë” ë‚˜ë¹  (didn't know me) 
9mRicqcxQro,https://www.youtube.com/watch?v=9mRicqcxQro&list=PLooeWILrVByIoT2A8Gfx4GgRWDg7mqYX5&index=3&pp=iAQB8AUB,í—¤ì´ì¦ˆ (Heize) - MIANHAE (Sorry) MV,í—¤ì´ì¦ˆ,MIANHAE (Sorry) 
afxLaQiLu-o,https://www.youtube.com/watch?v=afxLaQiLu-o&list=PLooeWILrVByIoT2A8Gfx4GgRWDg7mqYX5&index=4&pp=iAQB8AUB,"í—¤ì´ì¦ˆ (Heize) - ë¹„ë„ ì˜¤ê³  ê·¸ë˜ì„œ (You, Clouds, Rain) (Feat. ì‹ ìš©ì¬ (Shin Yong Jae)) MV",í—¤ì´ì¦ˆ,"ë¹„ë„ ì˜¤ê³  ê·¸ë˜ì„œ (You, Clouds, Rain) (Feat. ì‹ ìš©ì¬ (Shin Yong Jae)) "
vvkWaI91mLM,https://www.youtube.com/watch?v=vvkWaI91mLM&list=PLooeWILrVByIoT2A8Gfx4GgRWDg7mqYX5&index=5&pp=iAQB8AUB,í—¤ì´ì¦ˆ (Heize) - ë„ ë„ˆë¬´ ëª¨ë¥´ê³  (Don't know you) MV,í—¤ì´ì¦ˆ,ë„ ë„ˆë¬´ ëª¨ë¥´ê³  (Don't know you) 
eEx9Y8PE-Fc,https://www.youtube.com/watch?v=eEx9Y8PE-Fc&list=PLooeWILrVByIoT2A8Gfx4GgRWDg7mqYX5&index=6&pp=iAQB8AUB,Heize (í—¤ì´ì¦ˆ) - ëŒì•„ì˜¤ì§€ë§ˆ (Feat. ìš©ì¤€í˜• Of BEAST ë¹„ìŠ¤íŠ¸),í—¤ì´ì¦ˆ,ëŒì•„ì˜¤ì§€ë§ˆ (Feat. ìš©ì¤€í˜• Of BEAST ë¹„ìŠ¤íŠ¸)
XUR8QByF2As,https://www.youtube.com/watch?v=XUR8QByF2As&list=PLooeWILrVByIoT2A8Gfx4GgRWDg7mqYX5&index=7&pp=iAQB8AUB,í—¤ì´ì¦ˆ (Heize) - ì € ë³„ (Star) MV (ENG Sub),í—¤ì´ì¦ˆ,ì € ë³„ (Star)  (ENG Sub)
rCeM57e2BfU,https://www.youtube.com/watch?v=rCeM57e2BfU&list=PLooeWILrVByIoT2A8Gfx4GgRWDg7mqYX5&index=8&pp=iAQB8AUB,"í—¤ì´ì¦ˆ (Heize) - And July (Feat. DEAN, DJ Friz) MV",í—¤ì´ì¦ˆ,"And July (Feat. DEAN, DJ Friz) "
sk6WiGOmlso,https://www.youtube.com/watch?v=sk6WiGOmlso&list=PLooeWILrVByIoT2A8Gfx4GgRWDg7mqYX5&index=9&pp=iAQB8AUB,í—¤ì´ì¦ˆ (Heize) - Shut Up & Groove (Feat. DEAN) MV,í—¤ì´ì¦ˆ,Shut Up & Groove (Feat. DEAN) 
1xg2zk4qOPo,https://www.youtube.com/watch?v=1xg2zk4qOPo&list=PLooeWILrVByIoT2A8Gfx4GgRWDg7mqYX5&index=10&pp=iAQB8AUB,í—¤ì´ì¦ˆ (Heize) - ë„ˆì™€ í•¨ê»˜í•œ ì‹œê°„ ì†ì—ì„œ (In the Time Spent With You) MV,í—¤ì´ì¦ˆ,ë„ˆì™€ í•¨ê»˜í•œ ì‹œê°„ ì†ì—ì„œ (In the Time Spent With You) 
K3Bq9mIHbzw,https://www.youtube.com/watch?v=K3Bq9mIHbzw&list=PLitPkMJ97G7VJ9VOieUegh0cpBicAwWET&index=1&pp=iAQB8AUB,GUMMY(ê±°ë¯¸) - WE SHOULD'VE BEEN FRIENDS(ì¹œêµ¬ë¼ë„ ë  ê±¸ ê·¸ë¬ì–´) M/V,ê±°ë¯¸,WE SHOULD'VE BEEN FRIENDS(ì¹œêµ¬ë¼ë„ ë  ê±¸ ê·¸ë¬ì–´) 
IaOVzBVj5_E,https://www.youtube.com/watch?v=IaOVzBVj5_E&list=PLitPkMJ97G7VJ9VOieUegh0cpBicAwWET&index=2&pp=iAQB8AUB,GUMMY(ê±°ë¯¸) - UNREQUITED LOVE(í˜¼ìë§Œ í•˜ëŠ” ì‚¬ë‘) M/V,ê±°ë¯¸,UNREQUITED LOVE(í˜¼ìë§Œ í•˜ëŠ” ì‚¬ë‘) 
cBrcZycZsb8,https://www.youtube.com/watch?v=cBrcZycZsb8&list=PLitPkMJ97G7VJ9VOieUegh0cpBicAwWET&index=3&pp=iAQB8AUB,Because It's You / Gummyã€€ï¼ˆê·¸ëŒ€ë¼ì„œ / ê±°ë¯¸ï¼‰,ê±°ë¯¸,ê·¸ëŒ€ë¼ì„œ / ê±°ë¯¸
9tk6j8PUzD4,https://www.youtube.com/watch?v=9tk6j8PUzD4&list=PLitPkMJ97G7VJ9VOieUegh0cpBicAwWET&index=4&pp=iAQB8AUB,GUMMY(ê±°ë¯¸) - ë‚  ê·¸ë§Œ ìŠì–´ìš”(ë‚´ ë¨¸ë¦¬ ì†ì˜ ì§€ìš°ê°œ OST),ê±°ë¯¸,ë‚  ê·¸ë§Œ ìŠì–´ìš”(ë‚´ ë¨¸ë¦¬ ì†ì˜ ì§€ìš°ê°œ OST)
NRltHmPIt04,https://www.youtube.com/watch?v=NRltHmPIt04&list=PLitPkMJ97G7VJ9VOieUegh0cpBicAwWET&index=5&pp=iAQB8AUB,GUMMY(ê±°ë¯¸) - CHILDISH ADULT(ì–´ë¥¸ì•„ì´) M/V,ê±°ë¯¸,CHILDISH ADULT(ì–´ë¥¸ì•„ì´) 
f69eFZn53d4,https://www.youtube.com/watch?v=f69eFZn53d4&list=PLitPkMJ97G7VJ9VOieUegh0cpBicAwWET&index=6&pp=iAQB8AUB,[ë³µë©´ê°€ì™•] ì†Œë…€ì˜ ìˆœì • ì½”ìŠ¤ëª¨ìŠ¤ - ì•„ë¦„ë‹¤ìš´ ì´ë³„ kpop éŸ“åœ‹æ­Œè¬ ,ê±°ë¯¸,ì•„ë¦„ë‹¤ìš´ ì´ë³„
oig8z3n0QNg,https://www.youtube.com/watch?v=oig8z3n0QNg&list=PLitPkMJ97G7VJ9VOieUegh0cpBicAwWET&index=7&pp=iAQB8AUB,ê±°ë¯¸ - í†µì¦ M/V (í™”ì§ˆ : 480P),ê±°ë¯¸,í†µì¦  
y8iuYVVC09U,https://www.youtube.com/watch?v=y8iuYVVC09U&list=PLitPkMJ97G7VJ9VOieUegh0cpBicAwWET&index=8&pp=iAQB8AUB,"Wheesung (íœ˜ì„±), Gummy (ê±°ë¯¸) - Special Love {Audio} YouTube",ê±°ë¯¸,Special Love
RHH3QxgCfEk,https://www.youtube.com/watch?v=RHH3QxgCfEk&list=PLitPkMJ97G7VJ9VOieUegh0cpBicAwWET&index=9&pp=iAQB8AUB,ê±°ë¯¸-ê¸°ì–µìƒì‹¤,ê±°ë¯¸,ê±°ë¯¸-ê¸°ì–µìƒì‹¤
OUQ2wAJZ5aY,https://www.youtube.com/watch?v=OUQ2wAJZ5aY&list=PLitPkMJ97G7VJ9VOieUegh0cpBicAwWET&index=10&pp=iAQB8AUB,ëŸ¬ë¸Œ ë ˆì‹œí”¼ (Love Recipe) - Gummy & Bobby Kim (Gong Yoo Cyworld BGM 101127),ê±°ë¯¸,ëŸ¬ë¸Œ ë ˆì‹œí”¼ (Love Recipe)
JuYUpf2USMA,https://www.youtube.com/watch?v=JuYUpf2USMA&list=PLuhZDNOkpbwu8hZJ8pX1uXh3pWiag2ghW&index=1&pp=iAQB8AUB,ì¼€ì´ì‹œ - ë„ˆ ë°–ì—” ì—†ë”ë¼ / Kpop / Lyrics / ê°€ì‚¬,ì¼€ì´ì‹œ,ë„ˆ ë°–ì—” ì—†ë”ë¼
SgCVL4vhUy8,https://www.youtube.com/watch?v=SgCVL4vhUy8&list=PLuhZDNOkpbwu8hZJ8pX1uXh3pWiag2ghW&index=2&pp=iAQB8AUB,ì¼€ì´ì‹œ - ì‚¬ì‹¤ë§ì•¼ë‚´ê°€ë§ì•¼ê·¸ê²Œê·¸ëŸ¬ë‹ˆê¹Œë§ì´ì•¼/ Kpop / Lyrics / ê°€ì‚¬,ì¼€ì´ì‹œ,ì‚¬ì‹¤ë§ì•¼ë‚´ê°€ë§ì•¼ê·¸ê²Œê·¸ëŸ¬ë‹ˆê¹Œë§ì´ì•¼
K-zIj3PRDCo,https://www.youtube.com/watch?v=K-zIj3PRDCo&list=PLuhZDNOkpbwu8hZJ8pX1uXh3pWiag2ghW&index=3&pp=iAQB8AUB,"ì¼€ì´ì‹œ(Kassy) - êµ¿ëª¨ë‹ (Good Morning) [ìŒˆ, ë§ˆì´ì›¨ì´ OST Part.2] [ê°€ì‚¬/Lyrics]",ì¼€ì´ì‹œ,êµ¿ëª¨ë‹ (Good Morning)
mHRqPS2pqD0,https://www.youtube.com/watch?v=mHRqPS2pqD0&list=PLuhZDNOkpbwu8hZJ8pX1uXh3pWiag2ghW&index=4&pp=iAQB8AUB,ì¼€ì´ì‹œ - ì–¸ì œë‚˜ ì‚¬ë‘í•´ / ê°€ì‚¬,ì¼€ì´ì‹œ,ì–¸ì œë‚˜ ì‚¬ë‘í•´
m0BmTFpdhXM,https://www.youtube.com/watch?v=m0BmTFpdhXM&list=PLuhZDNOkpbwu8hZJ8pX1uXh3pWiag2ghW&index=5&pp=iAQB8AUB,ì¼€ì´ì‹œ - ë‚˜ ê·¸ëŒˆìœ„í•´ ì‹œ í•œí¸ì„ ì“°ê² ì–´ / ê°€ì‚¬,ì¼€ì´ì‹œ,ë‚˜ ê·¸ëŒˆìœ„í•´ ì‹œ í•œí¸ì„ ì“°ê² ì–´
cDMJ_RjwkLI,https://www.youtube.com/watch?v=cDMJ_RjwkLI&list=PLuhZDNOkpbwu8hZJ8pX1uXh3pWiag2ghW&index=6&pp=iAQB8AUB,Kassy (ì¼€ì´ì‹œ) - One Sunny Day [ì–´ëŠ í–‡ì‚´ ì¢‹ì€ ë‚ ] Hometown Cha Cha Cha (ê°¯ë§ˆì„ ì°¨ì°¨ì°¨) OST Part 2 Lyrics/ê°€ì‚¬,ì¼€ì´ì‹œ,One Sunny Day [ì–´ëŠ í–‡ì‚´ ì¢‹ì€ ë‚ ]
IR50b-VvcZU,https://www.youtube.com/watch?v=IR50b-VvcZU&list=PLuhZDNOkpbwu8hZJ8pX1uXh3pWiag2ghW&index=7&pp=iAQB8AUB,ì¼€ì´ì‹œ - ë„ˆì˜ ë°œê±¸ìŒì— ë¹›ì„ ë¹„ì¶°ì¤„ê²Œ / ê°€ì‚¬,ì¼€ì´ì‹œ,ë„ˆì˜ ë°œê±¸ìŒì— ë¹›ì„ ë¹„ì¶°ì¤„ê²Œ
p5iu1V30myk,https://www.youtube.com/watch?v=p5iu1V30myk&list=PLuhZDNOkpbwu8hZJ8pX1uXh3pWiag2ghW&index=8&pp=iAQB8AUB,ì¼€ì´ì‹œ (Kassy) - ê·¸ë•Œê°€ ì¢‹ì•˜ì–´ (The day was beautiful) | ê°€ì‚¬,ì¼€ì´ì‹œ,ê·¸ë•Œê°€ ì¢‹ì•˜ì–´ (The day was beautiful)
nuUSmMZXgxI,https://www.youtube.com/watch?v=nuUSmMZXgxI&list=PLuhZDNOkpbwu8hZJ8pX1uXh3pWiag2ghW&index=9&pp=iAQB8AUB,ì¼€ì´ì‹œ (Kassy) - ì§„ì‹¬ì´ ë‹´ê¸´ ë…¸ë˜ (True Song) | ê°€ì‚¬,ì¼€ì´ì‹œ,ì§„ì‹¬ì´ ë‹´ê¸´ ë…¸ë˜ (True Song)
fwM-OMcE4so,https://www.youtube.com/watch?v=fwM-OMcE4so&list=PLuhZDNOkpbwu8hZJ8pX1uXh3pWiag2ghW&index=10&pp=iAQB8AUB,ì¼€ì´ì‹œ(Kassy) - ê°€ì„ë°¤ ë– ë‚œ ë„ˆ / ê°€ì‚¬,ì¼€ì´ì‹œ,ê°€ì„ë°¤ ë– ë‚œ ë„ˆ 
jzD_yyEcp0M,https://www.youtube.com/watch?v=jzD_yyEcp0M&list=PLf40m5lz86vJ4V672gUmrWMIulVk2jTO7&index=1&pp=iAQB8AUB,Marshmello & Anne-Marie - FRIENDS (Music Video) *OFFICIAL FRIENDZONE ANTHEM*,ì•¤ ë§ˆë¦¬,FRIENDS 
Il-an3K9pjg,https://www.youtube.com/watch?v=Il-an3K9pjg&list=PLf40m5lz86vJ4V672gUmrWMIulVk2jTO7&index=2&pp=iAQB8AUB,Anne-Marie - 2002 [Official Video],ì•¤ ë§ˆë¦¬,2002
2FtFwAaCjrM,https://www.youtube.com/watch?v=2FtFwAaCjrM&list=PLf40m5lz86vJ4V672gUmrWMIulVk2jTO7&index=3&pp=iAQB8AUB,Anne-Marie - Perfect To Me [Official Music Video],ì•¤ ë§ˆë¦¬,Perfect To Me 
xZdXI9ipZL8,https://www.youtube.com/watch?v=xZdXI9ipZL8&list=PLf40m5lz86vJ4V672gUmrWMIulVk2jTO7&index=4&pp=iAQB8AUB,Anne-Marie - Boy [Official Video],ì•¤ ë§ˆë¦¬,Boy 
pRfmrE0ToTo,https://www.youtube.com/watch?v=pRfmrE0ToTo&list=PLf40m5lz86vJ4V672gUmrWMIulVk2jTO7&index=5&pp=iAQB8AUB,Anne-Marie & James Arthur - Rewrite The Stars [from The Greatest Showman: Reimagined],ì•¤ ë§ˆë¦¬,Rewrite The Stars
qqob4D3BoZc,https://www.youtube.com/watch?v=qqob4D3BoZc&list=PLf40m5lz86vJ4V672gUmrWMIulVk2jTO7&index=6&pp=iAQB8AUB,Anne-Marie - Ciao Adios [Official Video],ì•¤ ë§ˆë¦¬,Ciao Adios 
papuvlVeZg8,https://www.youtube.com/watch?v=papuvlVeZg8&list=PLf40m5lz86vJ4V672gUmrWMIulVk2jTO7&index=7&pp=iAQB8AUB,Clean Bandit - Rockabye (feat. Sean Paul & Anne-Marie) [Official Video],ì•¤ ë§ˆë¦¬,Rockabye (feat. Sean Paul & Anne-Marie) 
XeKoCLVXKNo,https://www.youtube.com/watch?v=XeKoCLVXKNo&list=PLf40m5lz86vJ4V672gUmrWMIulVk2jTO7&index=8&pp=iAQB8AUB,David Guetta feat Anne-Marie - Don't Leave Me Alone (Official Video),ì•¤ ë§ˆë¦¬,Don't Leave Me Alone 
r3RXHOTMmLw,https://www.youtube.com/watch?v=r3RXHOTMmLw&list=PLf40m5lz86vJ4V672gUmrWMIulVk2jTO7&index=9&pp=iAQB8AUB,Anne-Marie - Alarm [Official Video],ì•¤ ë§ˆë¦¬,Alarm 
ZOdltebCOX8,https://www.youtube.com/watch?v=ZOdltebCOX8&list=PLf40m5lz86vJ4V672gUmrWMIulVk2jTO7&index=10&pp=iAQB8AUB,Anne-Marie - Heavy [Official Video],ì•¤ ë§ˆë¦¬,Heavy 
47ppAHa-sXA,https://www.youtube.com/watch?v=47ppAHa-sXA&list=RDCLAK5uy_kInB5WMZBeDJQ_Ri-4GYWvJIRuuqKWAao&index=1&pp=8AUB,My Beloved,ì´í•˜ì´,My Beloved
5iSlfF8TQ9k,https://www.youtube.com/watch?v=5iSlfF8TQ9k&list=RDCLAK5uy_kInB5WMZBeDJQ_Ri-4GYWvJIRuuqKWAao&index=2&pp=8AUB,LEE HI - 'í•œìˆ¨ (BREATHE)' M/V,ì´í•˜ì´,í•œìˆ¨ (BREATHE)
GLlP-CNlY9I,https://www.youtube.com/watch?v=GLlP-CNlY9I&list=RDCLAK5uy_kInB5WMZBeDJQ_Ri-4GYWvJIRuuqKWAao&index=3&pp=8AUB,ì´í•˜ì´ (LeeHi) - 'ë¹¨ê°„ ë¦½ìŠ¤í‹± (Red Lipstick) (Feat. ìœ¤ë¯¸ë˜)' Official MV (ENG/CHN),ì´í•˜ì´,ë¹¨ê°„ ë¦½ìŠ¤í‹± (Red Lipstick) (Feat. ìœ¤ë¯¸ë˜)
VdeK_VsG9U0,https://www.youtube.com/watch?v=VdeK_VsG9U0&list=RDCLAK5uy_kInB5WMZBeDJQ_Ri-4GYWvJIRuuqKWAao&index=4&pp=8AUB,ì´í•˜ì´ (LEE HI) - í™€ë¡œ (HOLO) Official Music Video (ENG/CHN),ì´í•˜ì´,í™€ë¡œ (HOLO
t6l4rrREwIs,https://www.youtube.com/watch?v=t6l4rrREwIs&list=RDCLAK5uy_kInB5WMZBeDJQ_Ri-4GYWvJIRuuqKWAao&index=5&pp=8AUB,"ì´í•˜ì´ (LeeHi), ì„±ì‹œê²½ (SUNG SI KYUNG) - 'ê³¨ëª©ê¸¸ (Alley) (with ì„±ì‹œê²½)' Official MV",ì´í•˜ì´,ê³¨ëª©ê¸¸ (Alley) (with ì„±ì‹œê²½)
GQqyCeKf8rw,https://www.youtube.com/watch?v=GQqyCeKf8rw&list=RDCLAK5uy_kInB5WMZBeDJQ_Ri-4GYWvJIRuuqKWAao&index=6&pp=8AUB,LEE HI - 'ëˆ„êµ¬ ì—†ì†Œ (NO ONE) (Feat. B.I of iKON)' M/V,ì´í•˜ì´,ëˆ„êµ¬ ì—†ì†Œ (NO ONE) (Feat. B.I of iKON)
fDB4CkyrR4U,https://www.youtube.com/watch?v=fDB4CkyrR4U&list=RDCLAK5uy_kInB5WMZBeDJQ_Ri-4GYWvJIRuuqKWAao&index=7&pp=8AUB,ì´í•˜ì´ (LeeHi) - 'êµ¬ì›ì (Savior) (Feat. B.I)' Official MV (ENG/CHN),ì´í•˜ì´,êµ¬ì›ì (Savior) (Feat. B.I)
2zwTaT0JeOY,https://www.youtube.com/watch?v=2zwTaT0JeOY&list=RDCLAK5uy_kInB5WMZBeDJQ_Ri-4GYWvJIRuuqKWAao&index=8&pp=8AUB,HI SUHYUN - ë‚˜ëŠ” ë‹¬ë¼(I'M DIFFERENT) (ft.BOBBY) M/V,ì´í•˜ì´,ë‚˜ëŠ” ë‹¬ë¼(I'M DIFFERENT) (ft.BOBBY) 
Ff_SuAzll90,https://www.youtube.com/watch?v=Ff_SuAzll90&list=RDCLAK5uy_kInB5WMZBeDJQ_Ri-4GYWvJIRuuqKWAao&index=9&pp=8AUB,LEE HI - 'ROSE' M/V,ì´í•˜ì´,ROSE
1AI7UP1iRAU,https://www.youtube.com/watch?v=1AI7UP1iRAU&list=RDCLAK5uy_kInB5WMZBeDJQ_Ri-4GYWvJIRuuqKWAao&index=10&pp=8AUB,LEE HI - '1.2.3.4' M/V,ì´í•˜ì´,1.2.3.4
txIMMp7KktM,https://www.youtube.com/watch?v=txIMMp7KktM&list=PLxtO_MoizexYxmhuVsrZEAQfxfLdiJdB0&index=1&pp=iAQB8AUB,Goodbye Love (Inst.) (ì•ˆë…• ì‚¬ë‘ì•„ (Inst.)),ë°•íš¨ì‹ ,Goodbye Love (Inst.) (ì•ˆë…• ì‚¬ë‘ì•„ (Inst.))
-WbEIlNHV6M,https://www.youtube.com/watch?v=-WbEIlNHV6M&list=PLxtO_MoizexYxmhuVsrZEAQfxfLdiJdB0&index=2&pp=iAQB8AUB,The Day (Original Version),ë°•íš¨ì‹ ,The Day
2R0f-Y9P2wE,https://www.youtube.com/watch?v=2R0f-Y9P2wE&list=PLxtO_MoizexYxmhuVsrZEAQfxfLdiJdB0&index=3&pp=iAQB8AUB,ê·¸ í”í•œ ë‚¨ìì—¬ì„œ,ë°•íš¨ì‹ ,ê·¸ í”í•œ ë‚¨ìì—¬ì„œ
ECkAsI3etNs,https://www.youtube.com/watch?v=ECkAsI3etNs&list=PLxtO_MoizexYxmhuVsrZEAQfxfLdiJdB0&index=4&pp=iAQB8AUB,Like A Star (feat. ìµœì•„ë¡¬ From ë²„ë¸”ì‹œìŠ¤í„°ì¦ˆ),ë°•íš¨ì‹ ,Like A Star (feat. ìµœì•„ë¡¬ From ë²„ë¸”ì‹œìŠ¤í„°ì¦ˆ)
V3yHzAPUGWg,https://www.youtube.com/watch?v=V3yHzAPUGWg&list=PLxtO_MoizexYxmhuVsrZEAQfxfLdiJdB0&index=5&pp=iAQB8AUB,Breath,ë°•íš¨ì‹ ,Breath
ws61mYn2cZE,https://www.youtube.com/watch?v=ws61mYn2cZE&list=PLxtO_MoizexYxmhuVsrZEAQfxfLdiJdB0&index=6&pp=iAQB8AUB,I Promise You (ì‚¬ë‘ì´ ê³ í”„ë‹¤ (I Promise You)),ë°•íš¨ì‹ ,I Promise You (ì‚¬ë‘ì´ ê³ í”„ë‹¤ (I Promise You))
eSiQiVslq2A,https://www.youtube.com/watch?v=eSiQiVslq2A&list=PLxtO_MoizexYxmhuVsrZEAQfxfLdiJdB0&index=7&pp=iAQB8AUB,It's Strange (ì´ìƒí•˜ë‹¤),ë°•íš¨ì‹ ,It's Strange (ì´ìƒí•˜ë‹¤)
dV05e8QJUi8,https://www.youtube.com/watch?v=dV05e8QJUi8&list=PLxtO_MoizexYxmhuVsrZEAQfxfLdiJdB0&index=8&pp=iAQB8AUB,ë³€ì‹¬,ë°•íš¨ì‹ ,ë³€ì‹¬
gr9_2ZfrYw4,https://www.youtube.com/watch?v=gr9_2ZfrYw4&list=PLxtO_MoizexYxmhuVsrZEAQfxfLdiJdB0&index=9&pp=iAQB8AUB,ë„ˆë¥¼ ê¿ˆê¾¸ë©° (Interlude),ë°•íš¨ì‹ ,ë„ˆë¥¼ ê¿ˆê¾¸ë©° (Interlude)
Sukz7YFlk8Y,https://www.youtube.com/watch?v=Sukz7YFlk8Y&list=PLxtO_MoizexYxmhuVsrZEAQfxfLdiJdB0&index=10&pp=iAQB8AUB,Story Of The Sea... (Outro),ë°•íš¨ì‹ ,Story Of The Sea... (Outro)
2-aqVLneFWA,https://www.youtube.com/watch?v=2-aqVLneFWA&list=PLitPkMJ97G7XSgmFzw2zOi_EXvKYg0nzj&index=1&pp=iAQB8AUB,ì„±ì‹œê²½ (Sung Si Kyung) - ìŠì§€ ë§ê¸°ë¡œ í•´ (With ê¶Œì§„ì•„) (Don't forget) Official Music Video,ì„±ì‹œê²½,ìŠì§€ ë§ê¸°ë¡œ í•´ (With ê¶Œì§„ì•„) (Don't forget)
RUd6LLIr-Wg,https://www.youtube.com/watch?v=RUd6LLIr-Wg&list=PLitPkMJ97G7XSgmFzw2zOi_EXvKYg0nzj&index=2&pp=iAQB8AUB,ê±°ë¦¬ì—ì„œ ì„±ì‹œê²½,ì„±ì‹œê²½,ê±°ë¦¬ì—ì„œ ì„±ì‹œê²½
JkRKxxLiDNI,https://www.youtube.com/watch?v=JkRKxxLiDNI&list=PLitPkMJ97G7XSgmFzw2zOi_EXvKYg0nzj&index=3&pp=iAQB8AUB,"ì„±ì‹œê²½, ë°•íš¨ì‹ , ì´ì„í›ˆ, ì„œì¸êµ­, ë¹…ìŠ¤ - í¬ë¦¬ìŠ¤ë§ˆìŠ¤ë‹ˆê¹Œ Music Video",ì„±ì‹œê²½,í¬ë¦¬ìŠ¤ë§ˆìŠ¤ë‹ˆê¹Œ
Dbxzh078jr4,https://www.youtube.com/watch?v=Dbxzh078jr4&list=PLitPkMJ97G7XSgmFzw2zOi_EXvKYg0nzj&index=4&pp=iAQB8AUB,[MV] ì„±ì‹œê²½ _ Every Moment Of You(ë„ˆì˜ ëª¨ë“  ìˆœê°„) (Original) (My Love From the Star(ë³„ì—ì„œ ì˜¨ ê·¸ëŒ€) OST),ì„±ì‹œê²½, Every Moment Of You(ë„ˆì˜ ëª¨ë“  ìˆœê°„)
hGOvpoimJkI,https://www.youtube.com/watch?v=hGOvpoimJkI&list=PLitPkMJ97G7XSgmFzw2zOi_EXvKYg0nzj&index=5&pp=iAQB8AUB,ì„±ì‹œê²½-ë‘ì‚¬ëŒ(ê°€ì‚¬),ì„±ì‹œê²½,ë‘ì‚¬ëŒ(ê°€ì‚¬)
jwS_UbJ2Geg,https://www.youtube.com/watch?v=jwS_UbJ2Geg&list=PLitPkMJ97G7XSgmFzw2zOi_EXvKYg0nzj&index=6&pp=iAQB8AUB,"ì„±ì‹œê²½, ë°•íš¨ì‹ , ì„œì¸êµ­, ë¹…ìŠ¤(VIXX), ì—¬ë™ìƒ-ê²¨ìš¸ê³ ë°±(Winter Propose) Official M/V",ì„±ì‹œê²½,ê²¨ìš¸ê³ ë°±(Winter Propose)
_kr3bOs5s8U,https://www.youtube.com/watch?v=_kr3bOs5s8U&list=PLitPkMJ97G7XSgmFzw2zOi_EXvKYg0nzj&index=7&pp=iAQB8AUB,[ì‘ë‹µí•˜ë¼ 1994 OST] ì„±ì‹œê²½ (SUNG SI KYUNG) - ë„ˆì—ê²Œ (To You) MV,ì„±ì‹œê²½,ë„ˆì—ê²Œ (To You) 
5hINYNZslP0,https://www.youtube.com/watch?v=5hINYNZslP0&list=PLitPkMJ97G7XSgmFzw2zOi_EXvKYg0nzj&index=8&pp=iAQB8AUB,ì„±ì‹œê²½ Sung Si Kyung - ë‚´ê²Œ ì˜¤ëŠ” ê¸¸.mp4,ì„±ì‹œê²½,ë‚´ê²Œ ì˜¤ëŠ” ê¸¸.mp4
JG8DufK1xP0,https://www.youtube.com/watch?v=JG8DufK1xP0&list=PLitPkMJ97G7XSgmFzw2zOi_EXvKYg0nzj&index=9&pp=iAQB8AUB,ì„±ì‹œê²½(Sung Si Kyung) - ë„Œ ê°ë™ì´ì—ˆì–´,ì„±ì‹œê²½,ë„Œ ê°ë™ì´ì—ˆì–´
Rsj-k7bfa_g,https://www.youtube.com/watch?v=Rsj-k7bfa_g&list=PLitPkMJ97G7XSgmFzw2zOi_EXvKYg0nzj&index=10&pp=iAQB8AUB,Sung Sikeung - Hee Jae (ì„±ì‹œê²½-í¬ì¬),ì„±ì‹œê²½,Hee Jae (ì„±ì‹œê²½-í¬ì¬)
9Umecu7obN8,https://www.youtube.com/watch?v=9Umecu7obN8&list=PL4brMRtrvP4HEZny8vyTyTpknzt5fIbjI&index=1&pp=iAQB8AUB,[M/V] ì¥ë²”ì¤€ - í–‰ë³µí•˜ê²Œ í•´ì¤„ê²Œ :: ê·¸ í•´ ìš°ë¦¬ëŠ”(Our Beloved Summer) OST Part.10,ì¥ë²”ì¤€,í–‰ë³µí•˜ê²Œ í•´ì¤„ê²Œ
9oAbuzbpQg4,https://www.youtube.com/watch?v=9oAbuzbpQg4&list=PL4brMRtrvP4HEZny8vyTyTpknzt5fIbjI&index=2&pp=iAQB8AUB,[MV] JANG BEOM JUNE(ì¥ë²”ì¤€) _ Go Back(ê³ ë°±),ì¥ë²”ì¤€,Go Back(ê³ ë°±)
RTTaJkMezPc,https://www.youtube.com/watch?v=RTTaJkMezPc&list=PL4brMRtrvP4HEZny8vyTyTpknzt5fIbjI&index=3&pp=iAQB8AUB,I Like You,ì¥ë²”ì¤€,I Like You
V47v-AXQBSw,https://www.youtube.com/watch?v=V47v-AXQBSw&list=PL4brMRtrvP4HEZny8vyTyTpknzt5fIbjI&index=4&pp=iAQB8AUB,ì¶”ì ì´ëŠ” ì—¬ë¦„ ë¹„ê°€ ë˜ì–´ - ì¥ë²”ì¤€ Lyric video (as you wish),ì¥ë²”ì¤€,ì¶”ì ì´ëŠ” ì—¬ë¦„ ë¹„ê°€ ë˜ì–´
JR-wv5fOJEY,https://www.youtube.com/watch?v=JR-wv5fOJEY&list=PL4brMRtrvP4HEZny8vyTyTpknzt5fIbjI&index=5&pp=iAQB8AUB,ì ì´ ì˜¤ì§ˆ ì•Šë„¤ìš” - ì¥ë²”ì¤€,ì¥ë²”ì¤€,ì ì´ ì˜¤ì§ˆ ì•Šë„¤ìš”
_eMTBqhpLzg,https://www.youtube.com/watch?v=_eMTBqhpLzg&list=PL4brMRtrvP4HEZny8vyTyTpknzt5fIbjI&index=6&pp=iAQB8AUB,[ê°€ì‚¬] ì¥ë²”ì¤€ (Jang Beom June) - í”ë“¤ë¦¬ëŠ” ê½ƒë“¤ ì†ì—ì„œ ë„¤ ìƒ´í‘¸í–¥ì´ ëŠê»´ì§„ê±°ì•¼ã…£ë©œë¡œê°€ ì²´ì§ˆ OST Part 3,ì¥ë²”ì¤€,í”ë“¤ë¦¬ëŠ” ê½ƒë“¤ ì†ì—ì„œ ë„¤ ìƒ´í‘¸í–¥ì´ ëŠê»´ì§„ê±°ì•¼
smHZjk1AK9s,https://www.youtube.com/watch?v=smHZjk1AK9s&list=PL4brMRtrvP4HEZny8vyTyTpknzt5fIbjI&index=7&pp=iAQB8AUB,[ê²€ìƒ‰ì–´ë¥¼ ì…ë ¥í•˜ì„¸ìš” WWW OST Part 3] ì¥ë²”ì¤€ (Beom June Jang) - ì† ë‹¿ìœ¼ë©´ (Reaching Hand) MV,ì¥ë²”ì¤€,ì† ë‹¿ìœ¼ë©´ (Reaching Hand) 
EAVp84B888U,https://www.youtube.com/watch?v=EAVp84B888U&list=PL4brMRtrvP4HEZny8vyTyTpknzt5fIbjI&index=8&pp=iAQB8AUB,ì¥ë²”ì¤€3ì§‘ ë‹¹ì‹ ê³¼ëŠ”ì²œì²œíˆ ë®¤ì§ë¹„ë””ì˜¤_ MV,ì¥ë²”ì¤€, ë‹¹ì‹ ê³¼ëŠ”ì²œì²œíˆ
ScJ4m-qXWuw,https://www.youtube.com/watch?v=ScJ4m-qXWuw&list=PL4brMRtrvP4HEZny8vyTyTpknzt5fIbjI&index=9&pp=iAQB8AUB,ì¥ë²”ì¤€3ì§‘ #02 ì¼ì‚°ìœ¼ë¡œ Audio,ì¥ë²”ì¤€,ì¼ì‚°ìœ¼ë¡œ
BUzI-awsi1s,https://www.youtube.com/watch?v=BUzI-awsi1s&list=PL4brMRtrvP4HEZny8vyTyTpknzt5fIbjI&index=10&pp=iAQB8AUB,ì¥ë²”ì¤€3ì§‘ #03 ë…¸ë˜ë°©ì—ì„œ Audio,ì¥ë²”ì¤€,ë…¸ë˜ë°©ì—ì„œ
zZsK0SzRcDw,https://www.youtube.com/watch?v=zZsK0SzRcDw&list=PLyeUl6LxQ7ZEi9JRFFhy68pQuqu2ToLSY&index=1&pp=iAQB8AUB,However,10cm,However
j-nxyAdJDaY,https://www.youtube.com/watch?v=j-nxyAdJDaY&list=PLyeUl6LxQ7ZEi9JRFFhy68pQuqu2ToLSY&index=2&pp=iAQB8AUB,Perfect,10cm,Perfect
txi3VEdStJ4,https://www.youtube.com/watch?v=txi3VEdStJ4&list=PLyeUl6LxQ7ZEi9JRFFhy68pQuqu2ToLSY&index=3&pp=iAQB8AUB,í°ì„œíŠ¸,10cm,í°ì„œíŠ¸
9qAOHJQgATQ,https://www.youtube.com/watch?v=9qAOHJQgATQ&list=PLyeUl6LxQ7ZEi9JRFFhy68pQuqu2ToLSY&index=4&pp=iAQB8AUB,Help (Instrumental Version),10cm,Help (Instrumental Version)
9yFR6rpAZPE,https://www.youtube.com/watch?v=9yFR6rpAZPE&list=PLyeUl6LxQ7ZEi9JRFFhy68pQuqu2ToLSY&index=5&pp=iAQB8AUB,Do You Think Of Me?,10cm,Do You Think Of Me?
Y_8aUSyNM9Y,https://www.youtube.com/watch?v=Y_8aUSyNM9Y&list=PLyeUl6LxQ7ZEi9JRFFhy68pQuqu2ToLSY&index=6&pp=iAQB8AUB,Borrow your night (Romance 101 X 10CM) (ì´ ë°¤ì„ ë¹Œë ¤ ë§í•´ìš” (ë°”ë¥¸ì—°ì•  ê¸¸ì¡ì´ X...,10cm,ì´ ë°¤ì„ ë¹Œë ¤ ë§í•´ìš” 
cSFsANze2bk,https://www.youtube.com/watch?v=cSFsANze2bk&list=PLyeUl6LxQ7ZEi9JRFFhy68pQuqu2ToLSY&index=7&pp=iAQB8AUB,Island,10cm,Island
oXQn5YZQhjU,https://www.youtube.com/watch?v=oXQn5YZQhjU&list=PLyeUl6LxQ7ZEi9JRFFhy68pQuqu2ToLSY&index=8&pp=iAQB8AUB,Everything,10cm,Everything
04HcDhH1Aq8,https://www.youtube.com/watch?v=04HcDhH1Aq8&list=PLyeUl6LxQ7ZEi9JRFFhy68pQuqu2ToLSY&index=9&pp=iAQB8AUB,Mattress,10cm,Mattress
d_x9wxAVMQM,https://www.youtube.com/watch?v=d_x9wxAVMQM&list=PLyeUl6LxQ7ZEi9JRFFhy68pQuqu2ToLSY&index=10&pp=iAQB8AUB,Pet,10cm,Pet
ECMc1SB60E0,https://www.youtube.com/watch?v=ECMc1SB60E0&list=PLx1xRO6VRG5-ikcliGdzhxfaVNGGxJm2a&index=1&pp=iAQB8AUB,[MV] hyukoh(í˜ì˜¤) _ Comes And Goes(ì™€ë¦¬ê°€ë¦¬),í˜ì˜¤,Comes And Goes(ì™€ë¦¬ê°€ë¦¬)
u3RAU0T2RC4,https://www.youtube.com/watch?v=u3RAU0T2RC4&list=PLx1xRO6VRG5-ikcliGdzhxfaVNGGxJm2a&index=2&pp=iAQB8AUB,[MV] hyukoh(í˜ì˜¤) _ Gondry(ê³µë“œë¦¬),í˜ì˜¤,Gondry(ê³µë“œë¦¬)
7tyEDx9tgBk,https://www.youtube.com/watch?v=7tyEDx9tgBk&list=PLx1xRO6VRG5-ikcliGdzhxfaVNGGxJm2a&index=3&pp=iAQB8AUB,í˜ì˜¤(hyukoh) - ohio,í˜ì˜¤,ohio
4qgA8f-gdhU,https://www.youtube.com/watch?v=4qgA8f-gdhU&list=PLx1xRO6VRG5-ikcliGdzhxfaVNGGxJm2a&index=4&pp=iAQB8AUB,[LIVE AND DIRECT] í˜ì˜¤(hyukoh) 'ìœ„ì‰ìœ„ì‰',í˜ì˜¤,ìœ„ì‰ìœ„ì‰
UeCTNhP-E_c,https://www.youtube.com/watch?v=UeCTNhP-E_c&list=PLx1xRO6VRG5-ikcliGdzhxfaVNGGxJm2a&index=5&pp=iAQB8AUB,í˜ì˜¤ (Hyukoh) - ìœ„ì‰ìœ„ì‰,í˜ì˜¤,ìœ„ì‰ìœ„ì‰
lsC4Oi5zYg4,https://www.youtube.com/watch?v=lsC4Oi5zYg4&list=PLx1xRO6VRG5-ikcliGdzhxfaVNGGxJm2a&index=6&pp=iAQB8AUB,[LIVE AND DIRECT] í˜ì˜¤(hyukoh) 'Lonely+Feels Like Roller Coaster',í˜ì˜¤,Lonely+Feels Like Roller Coaster
MMfBftG5aZo,https://www.youtube.com/watch?v=MMfBftG5aZo&list=PLx1xRO6VRG5-ikcliGdzhxfaVNGGxJm2a&index=7&pp=iAQB8AUB,Hyukoh(í˜ì˜¤) - Big Bird(í°ìƒˆ),í˜ì˜¤,Big Bird(í°ìƒˆ)
Ho9ZjFytVIE,https://www.youtube.com/watch?v=Ho9ZjFytVIE&list=PLx1xRO6VRG5-ikcliGdzhxfaVNGGxJm2a&index=8&pp=iAQB8AUB,Hyukoh(í˜ì˜¤) - Settled Down,í˜ì˜¤,Settled Down
kkbQjWWSSuc,https://www.youtube.com/watch?v=kkbQjWWSSuc&list=PLx1xRO6VRG5-ikcliGdzhxfaVNGGxJm2a&index=9&pp=iAQB8AUB,Hyukoh(í˜ì˜¤) - Mer,í˜ì˜¤,Mer
GDeiJybf8qY,https://www.youtube.com/watch?v=GDeiJybf8qY&list=PLx1xRO6VRG5-ikcliGdzhxfaVNGGxJm2a&index=10&pp=iAQB8AUB,"[MV] PRIMARY(í”„ë¼ì´ë¨¸ë¦¬), OHHYUK(ì˜¤í˜) _ Bawling",í˜ì˜¤,Bawling
Lxd99QyfDHQ,https://www.youtube.com/watch?v=Lxd99QyfDHQ&list=PL4brMRtrvP4G-wPVbqzjBw7Z8RuhQgvS_&index=1&pp=iAQB8AUB,[M/V] ì •ìŠ¹í™˜ - ë„ˆì—ê²Œ ë‹¿ì„ê²Œ :: í‚¹ë”ëœë“œ(King the Land) OST Part.3,ì •ìŠ¹í™˜,ë„ˆì—ê²Œ ë‹¿ì„ê²Œ
pAtj1AzCuzs,https://www.youtube.com/watch?v=pAtj1AzCuzs&list=PL4brMRtrvP4G-wPVbqzjBw7Z8RuhQgvS_&index=2&pp=iAQB8AUB,[LYRIC VIDEO] Jung Seung Hwan(ì •ìŠ¹í™˜) - Breath(ìˆ¨) | Doctor Cha ë‹¥í„° ì°¨ì •ìˆ™ OST,ì •ìŠ¹í™˜,Breath(ìˆ¨)
yEWYW4Ubpkk,https://www.youtube.com/watch?v=yEWYW4Ubpkk&list=PL4brMRtrvP4G-wPVbqzjBw7Z8RuhQgvS_&index=3&pp=iAQB8AUB,ì¸ìƒì‘ê³¼ ì¸ìƒê³¡ì´ ì½œë¼ë³´ë¡œ ë‚˜ì˜´ ğŸ’¿ â€˜ì •ìŠ¹í™˜ - ê·¸ëŸ° ë‚ ì´ ì˜¬ê¹Œìš”â€™ ì •ë°©í–¥ Live Full ver.,ì •ìŠ¹í™˜,ê·¸ëŸ° ë‚ ì´ ì˜¬ê¹Œìš”
vrT9cD-6mds,https://www.youtube.com/watch?v=vrT9cD-6mds&list=PL4brMRtrvP4G-wPVbqzjBw7Z8RuhQgvS_&index=4&pp=iAQB8AUB,[MV] Jung Seung Hwan(ì •ìŠ¹í™˜) _ My Favorite Winter(ê²¨ìš¸ì´ ì¢‹ì•„ì¡Œì–´),ì •ìŠ¹í™˜,My Favorite Winter(ê²¨ìš¸ì´ ì¢‹ì•„ì¡Œì–´)
iIHKZHSJDQM,https://www.youtube.com/watch?v=iIHKZHSJDQM&list=PL4brMRtrvP4G-wPVbqzjBw7Z8RuhQgvS_&index=5&pp=iAQB8AUB,"[Special Clip] Jung Seung Hwan(ì •ìŠ¹í™˜), Kang Seungwon(ê°•ìŠ¹ì›) - Your Smiling Face(ê·¸ ê³ ìš´ ë¯¸ì†Œ ë•Œë¬¸ì—) (Live ver.)",ì •ìŠ¹í™˜,Your Smiling Face(ê·¸ ê³ ìš´ ë¯¸ì†Œ ë•Œë¬¸ì—)
QFq4f3d4E-I,https://www.youtube.com/watch?v=QFq4f3d4E-I&list=PL4brMRtrvP4G-wPVbqzjBw7Z8RuhQgvS_&index=6&pp=iAQB8AUB,[ì„¸ë¡œ ì§ìº ] ì •ìŠ¹í™˜ - ì•ˆë…•ì´ë€ ë§ (Jung SeungHwan - FAN CAM) [ìœ í¬ì—´ì˜ ìŠ¤ì¼€ì¹˜ë¶/You Heeyeolâ€™s Sketchbook] | KBS ë°©ì†¡,ì •ìŠ¹í™˜,ì•ˆë…•ì´ë€ ë§
plRJH6pjdTM,https://www.youtube.com/watch?v=plRJH6pjdTM&list=PL4brMRtrvP4G-wPVbqzjBw7Z8RuhQgvS_&index=7&pp=iAQB8AUB,[MV] Jung Seung Hwan(ì •ìŠ¹í™˜) _ chronicle(ì—°ëŒ€ê¸°),ì •ìŠ¹í™˜,chronicle(ì—°ëŒ€ê¸°)
UZ4lvRJEbwY,https://www.youtube.com/watch?v=UZ4lvRJEbwY&list=PL4brMRtrvP4G-wPVbqzjBw7Z8RuhQgvS_&index=8&pp=iAQB8AUB,ì •ìŠ¹í™˜ _ ë³„ (Dear) Live | JUNG SEUNG HWAN | MRì€ ê±°ë“¤ë¿ | Vocals Only Live | ê°€ì‚¬ | LYRICS,ì •ìŠ¹í™˜,ë³„ (Dear)
UjId1YeFhRo,https://www.youtube.com/watch?v=UjId1YeFhRo&list=PL4brMRtrvP4G-wPVbqzjBw7Z8RuhQgvS_&index=9&pp=iAQB8AUB,[M/V] Jung Seung Hwan(ì •ìŠ¹í™˜) - Because You're Not Here(í‘¸ë¥´ë¥¸ ê³„ì ˆë„ ë‚´ê² ì˜ë¯¸ ì—†ì–´ìš”),ì •ìŠ¹í™˜,Because You're Not Here(í‘¸ë¥´ë¥¸ ê³„ì ˆë„ ë‚´ê² ì˜ë¯¸ ì—†ì–´ìš”)
sqj0RY29bS8,https://www.youtube.com/watch?v=sqj0RY29bS8&list=PL4brMRtrvP4G-wPVbqzjBw7Z8RuhQgvS_&index=10&pp=iAQB8AUB,"[MV] Jung Seung Hwan(ì •ìŠ¹í™˜) _ We, From The First(ì¹œêµ¬, ê·¸ ì˜¤ëœì‹œê°„)",ì •ìŠ¹í™˜,"We, From The First(ì¹œêµ¬, ê·¸ ì˜¤ëœì‹œê°„)"
vacV7207eXo,https://www.youtube.com/watch?v=vacV7207eXo&list=PL4brMRtrvP4FVLp8sNNEoSDxu9JjCvWNA&index=1&pp=iAQB8AUB,"Kim Feel Digital Single 'ê·¸ëŒ€' Lyric Video | ENG, JP",ê¹€í•„,ê·¸ëŒ€
g4MhZeTr0iM,https://www.youtube.com/watch?v=g4MhZeTr0iM&list=PL4brMRtrvP4FVLp8sNNEoSDxu9JjCvWNA&index=2&pp=iAQB8AUB,ë‚˜ì˜ ë³„ì´ ë¼ì£¼ì˜¤,ê¹€í•„,ë‚˜ì˜ ë³„ì´ ë¼ì£¼ì˜¤
Y_b9pHCA3y0,https://www.youtube.com/watch?v=Y_b9pHCA3y0&list=PL4brMRtrvP4FVLp8sNNEoSDxu9JjCvWNA&index=3&pp=iAQB8AUB,"ê¹€í•„ ğŸ³ ë‚œ, ë„ˆë¥¼ (ê°€ì‚¬)",ê¹€í•„,"ë‚œ, ë„ˆë¥¼"
OmDmiyvD1qI,https://www.youtube.com/watch?v=OmDmiyvD1qI&list=PL4brMRtrvP4FVLp8sNNEoSDxu9JjCvWNA&index=4&pp=iAQB8AUB,[MV] ê¹€í•„ (Feel Kim) - Here We Are / Official Music Video,ê¹€í•„,Here We Are
LH3C_DMBv10,https://www.youtube.com/watch?v=LH3C_DMBv10&list=PL4brMRtrvP4FVLp8sNNEoSDxu9JjCvWNA&index=5&pp=iAQB8AUB,[ì„ ê³µê°œ] ê¹€í•„ 'ëª©ì†Œë¦¬(acoustic)' LIVE CLIP,ê¹€í•„,ëª©ì†Œë¦¬(acoustic)
nrCbIy98rlI,https://www.youtube.com/watch?v=nrCbIy98rlI&list=PL4brMRtrvP4FVLp8sNNEoSDxu9JjCvWNA&index=6&pp=iAQB8AUB,[M/V] Kim Feel(ê¹€í•„) - Hallelujah(ë‚˜ë„ ëª¨ë¥´ëŠ” ë…¸ë˜),ê¹€í•„,Hallelujah(ë‚˜ë„ ëª¨ë¥´ëŠ” ë…¸ë˜)
P7ZinR197QM,https://www.youtube.com/watch?v=P7ZinR197QM&list=PL4brMRtrvP4FVLp8sNNEoSDxu9JjCvWNA&index=7&pp=iAQB8AUB,ê¹€í•„(Kim Feel)-ê·¸ë•Œ ê·¸ ì•„ì¸/ ì´íƒœì› í´ë¼ì“° OST Part 6,ê¹€í•„,ê·¸ë•Œ ê·¸ ì•„ì¸
y2oeUkb60rI,https://www.youtube.com/watch?v=y2oeUkb60rI&list=PL4brMRtrvP4FVLp8sNNEoSDxu9JjCvWNA&index=8&pp=iAQB8AUB,ê¹€í•„ - ê²¨ìš¸ì´ ì˜¤ë©´ (ë™ë°±ê½ƒ í•„ ë¬´ë µ OST PART.08) / ê°€ì‚¬,ê¹€í•„,ê²¨ìš¸ì´ ì˜¤ë©´
acVbWS4og5k,https://www.youtube.com/watch?v=acVbWS4og5k&list=PL4brMRtrvP4FVLp8sNNEoSDxu9JjCvWNA&index=9&pp=iAQB8AUB,ê¹€í•„ - ì‚¬ë‘ ë‘˜ / ê°€ì‚¬,ê¹€í•„,ì‚¬ë‘ ë‘˜
df1GSrqp-sA,https://www.youtube.com/watch?v=df1GSrqp-sA&list=PL4brMRtrvP4FVLp8sNNEoSDxu9JjCvWNA&index=10&pp=iAQB8AUB,True Love,ê¹€í•„,True Love
LPgZzXrZWN0,https://www.youtube.com/watch?v=LPgZzXrZWN0&list=PL4brMRtrvP4Ey5zn4KHkvUFSzZOV-tCcE&index=1&pp=iAQB8AUB,í´í‚´ (Paul Kim) - í™”ì´íŠ¸ (White) | Lyric Video,í´í‚´,í™”ì´íŠ¸ (White)
YXZl-_xSzMQ,https://www.youtube.com/watch?v=YXZl-_xSzMQ&list=PL4brMRtrvP4Ey5zn4KHkvUFSzZOV-tCcE&index=2&pp=iAQB8AUB,í´í‚´ (Paul Kim) - í•œê°•ì—ì„œ (Feat. BIG Naughty) | MV,í´í‚´,í•œê°•ì—ì„œ (Feat. BIG Naughty)
MFtZbSzTtL0,https://www.youtube.com/watch?v=MFtZbSzTtL0&list=PL4brMRtrvP4Ey5zn4KHkvUFSzZOV-tCcE&index=3&pp=iAQB8AUB,í´í‚´ (Paul Kim) - ë„ˆì— ëŒ€í•˜ì—¬ (About You) (ë‚˜ìœì—„ë§ˆ OST Part.3) [Music Video],í´í‚´,ë„ˆì— ëŒ€í•˜ì—¬ (About You)
HBtSK3Y0yzw,https://www.youtube.com/watch?v=HBtSK3Y0yzw&list=PL4brMRtrvP4Ey5zn4KHkvUFSzZOV-tCcE&index=4&pp=iAQB8AUB,í´í‚´ (Paul Kim) - ë„ˆì˜ ì ì„ ì±„ì›Œì¤„ê²Œ [Official Video],í´í‚´,ë„ˆì˜ ì ì„ ì±„ì›Œì¤„ê²Œ 
ok6naQEuf5g,https://www.youtube.com/watch?v=ok6naQEuf5g&list=PL4brMRtrvP4Ey5zn4KHkvUFSzZOV-tCcE&index=5&pp=iAQB8AUB,í´í‚´ (Paul Kim) - One More Time (íŠ¹ë³„ì¶œì—° : ì‹ ì„¸ê²½) [Music Video],í´í‚´,One More Time 
3m2F8F7YSZc,https://www.youtube.com/watch?v=3m2F8F7YSZc&list=PL4brMRtrvP4Ey5zn4KHkvUFSzZOV-tCcE&index=6&pp=iAQB8AUB,í´í‚´ (Paul Kim) - ì–´ì œì²˜ëŸ¼ [Official Video],í´í‚´,ì–´ì œì²˜ëŸ¼ 
87E6ES3OtHI,https://www.youtube.com/watch?v=87E6ES3OtHI&list=PL4brMRtrvP4Ey5zn4KHkvUFSzZOV-tCcE&index=7&pp=iAQB8AUB,í´í‚´ (Paul Kim) - ì°¬ë€í•œ ê³„ì ˆ [Music Video],í´í‚´,ì°¬ë€í•œ ê³„ì ˆ
3QDIjIZPSiM,https://www.youtube.com/watch?v=3QDIjIZPSiM&list=PL4brMRtrvP4Ey5zn4KHkvUFSzZOV-tCcE&index=8&pp=iAQB8AUB,[MV] Paul Kim(í´í‚´) _ Hangover(ë„ˆë„ ì•„ëŠ”),í´í‚´,Hangover(ë„ˆë„ ì•„ëŠ”)
_tYBbz_RDSI,https://www.youtube.com/watch?v=_tYBbz_RDSI&list=PL4brMRtrvP4Ey5zn4KHkvUFSzZOV-tCcE&index=9&pp=iAQB8AUB,í´í‚´ (Paul Kim) - ì§‘ëŒì´ [Music Video],í´í‚´,ì§‘ëŒì´
FEI_imQ1Eaw,https://www.youtube.com/watch?v=FEI_imQ1Eaw&list=PL4brMRtrvP4Ey5zn4KHkvUFSzZOV-tCcE&index=10&pp=iAQB8AUB,[MV] Paul Kim(í´í‚´) _ But I'll Miss You(ìš°ë¦¬ ë§Œë‚¨ì´),í´í‚´,But I'll Miss You(ìš°ë¦¬ ë§Œë‚¨ì´)
q6twuU45IWs,https://www.youtube.com/watch?v=q6twuU45IWs&list=PL_HaVPqQT7rJLSo8bcxHhIUYZJaprUXEM&index=1&pp=iAQB8AUB,[Official Audio] ì¥ê¸°í•˜ì™€ ì–¼êµ´ë“¤ (Kiha & The Faces) - ë‚˜ì™€,ì¥ê¸°í•˜,ë‚˜ì™€
dqvmG85IehM,https://www.youtube.com/watch?v=dqvmG85IehM&list=PL_HaVPqQT7rJLSo8bcxHhIUYZJaprUXEM&index=2&pp=iAQB8AUB,[Official Audio] ì¥ê¸°í•˜ì™€ ì–¼êµ´ë“¤ (Kiha & The Faces) - ì•„ë¬´ê²ƒë„ ì—†ì–ì–´,ì¥ê¸°í•˜,ì•„ë¬´ê²ƒë„ ì—†ì–ì–´
mCHCXSIjgxo,https://www.youtube.com/watch?v=mCHCXSIjgxo&list=PL_HaVPqQT7rJLSo8bcxHhIUYZJaprUXEM&index=3&pp=iAQB8AUB,[Official Audio] ì¥ê¸°í•˜ì™€ ì–¼êµ´ë“¤ (Kiha & The Faces) - ì˜¤ëŠ˜ë„ ë¬´ì‚¬íˆ,ì¥ê¸°í•˜,ì˜¤ëŠ˜ë„ ë¬´ì‚¬íˆ
w4khncWY_xQ,https://www.youtube.com/watch?v=w4khncWY_xQ&list=PL_HaVPqQT7rJLSo8bcxHhIUYZJaprUXEM&index=4&pp=iAQB8AUB,[Official Audio] ì¥ê¸°í•˜ì™€ ì–¼êµ´ë“¤ (Kiha & The Faces) - ì •ë§ ì—†ì—ˆëŠ”ì§€,ì¥ê¸°í•˜,ì •ë§ ì—†ì—ˆëŠ”ì§€
NoptyUd2_tM,https://www.youtube.com/watch?v=NoptyUd2_tM&list=PL_HaVPqQT7rJLSo8bcxHhIUYZJaprUXEM&index=5&pp=iAQB8AUB,[Official Audio] ì¥ê¸°í•˜ì™€ ì–¼êµ´ë“¤ (Kiha & The Faces) - ì‚¼ê±°ë¦¬ì—ì„œ ë§Œë‚œ ì‚¬ëŒ,ì¥ê¸°í•˜,ì‚¼ê±°ë¦¬ì—ì„œ ë§Œë‚œ ì‚¬ëŒ
c8-QhJMeDxw,https://www.youtube.com/watch?v=c8-QhJMeDxw&list=PL_HaVPqQT7rJLSo8bcxHhIUYZJaprUXEM&index=6&pp=iAQB8AUB,[Official Audio] ì¥ê¸°í•˜ì™€ ì–¼êµ´ë“¤ (Kiha & The Faces) - ë§í•˜ëŸ¬ ê°€ëŠ” ê¸¸,ì¥ê¸°í•˜,ë§í•˜ëŸ¬ ê°€ëŠ” ê¸¸
Ajj15mhizu8,https://www.youtube.com/watch?v=Ajj15mhizu8&list=PL_HaVPqQT7rJLSo8bcxHhIUYZJaprUXEM&index=7&pp=iAQB8AUB,[Official Audio] ì¥ê¸°í•˜ì™€ ì–¼êµ´ë“¤ (Kiha & The Faces) - ë‚˜ë¥¼ ë°›ì•„ì£¼ì˜¤,ì¥ê¸°í•˜,ë‚˜ë¥¼ ë°›ì•„ì£¼ì˜¤
0618mEfMHqo,https://www.youtube.com/watch?v=0618mEfMHqo&list=PL_HaVPqQT7rJLSo8bcxHhIUYZJaprUXEM&index=8&pp=iAQB8AUB,[Official Audio] ì¥ê¸°í•˜ì™€ ì–¼êµ´ë“¤ (Kiha & The Faces) - ê·¸ ë‚¨ì ì™œ,ì¥ê¸°í•˜,ê·¸ ë‚¨ì ì™œ
cxKBeOSC4-g,https://www.youtube.com/watch?v=cxKBeOSC4-g&list=PL_HaVPqQT7rJLSo8bcxHhIUYZJaprUXEM&index=9&pp=iAQB8AUB,[Official Audio] ì¥ê¸°í•˜ì™€ ì–¼êµ´ë“¤ (Kiha & The Faces) - ë©±ì‚´ í•œ ë²ˆ ì¡íˆì‹­ì‹œë‹¤,ì¥ê¸°í•˜,ë©±ì‚´ í•œ ë²ˆ ì¡íˆì‹­ì‹œë‹¤
bL-ueHzY2yM,https://www.youtube.com/watch?v=bL-ueHzY2yM&list=PL_HaVPqQT7rJLSo8bcxHhIUYZJaprUXEM&index=10&pp=iAQB8AUB,[Official Audio] ì¥ê¸°í•˜ì™€ ì–¼êµ´ë“¤ (Kiha & The Faces) - ì‹¸êµ¬ë ¤ ì»¤í”¼,ì¥ê¸°í•˜,ì‹¸êµ¬ë ¤ ì»¤í”¼
AoVt7Qe9t1s,https://www.youtube.com/watch?v=AoVt7Qe9t1s&list=PLL6I8MNWZbds699u4PSmaTmiSNFGuLmyw&index=1&pp=iAQB8AUB,ë²„ì¦ˆ-ê°€ì‹œ,ë²„ì¦ˆ,ë²„ì¦ˆ-ê°€ì‹œ
7gr7BK7B51g,https://www.youtube.com/watch?v=7gr7BK7B51g&list=PLL6I8MNWZbds699u4PSmaTmiSNFGuLmyw&index=2&pp=iAQB8AUB,ë²„ì¦ˆ-ê²ìŸì´,ë²„ì¦ˆ,ë²„ì¦ˆ-ê²ìŸì´
BuWzk-pAQos,https://www.youtube.com/watch?v=BuWzk-pAQos&list=PLL6I8MNWZbds699u4PSmaTmiSNFGuLmyw&index=3&pp=iAQB8AUB,ë²„ì¦ˆ(Buzz) - ë‚¨ìë¥¼ ëª°ë¼ ê°€ì‚¬ Lyric,ë²„ì¦ˆ,ë‚¨ìë¥¼ ëª°ë¼ ê°€ì‚¬
eUVwTjyi9n4,https://www.youtube.com/watch?v=eUVwTjyi9n4&list=PLL6I8MNWZbds699u4PSmaTmiSNFGuLmyw&index=4&pp=iAQB8AUB,ë²„ì¦ˆ - My Love (And),ë²„ì¦ˆ,My Love (And)
d_MvqE6iYYE,https://www.youtube.com/watch?v=d_MvqE6iYYE&list=PLL6I8MNWZbds699u4PSmaTmiSNFGuLmyw&index=5&pp=iAQB8AUB,ë²„ì¦ˆ - Monologue,ë²„ì¦ˆ,Monologue
5mDn3cUktv0,https://www.youtube.com/watch?v=5mDn3cUktv0&list=PLL6I8MNWZbds699u4PSmaTmiSNFGuLmyw&index=6&pp=iAQB8AUB,Buzz (ë²„ì¦ˆ) - ë‚˜ì—ê²Œë¡œ ë– ë‚˜ëŠ” ì—¬í–‰,ë²„ì¦ˆ,ë‚˜ì—ê²Œë¡œ ë– ë‚˜ëŠ” ì—¬í–‰
BIksGASMsso,https://www.youtube.com/watch?v=BIksGASMsso&list=PLL6I8MNWZbds699u4PSmaTmiSNFGuLmyw&index=7&pp=iAQB8AUB,Buzz (ë²„ì¦ˆ) - ì€ì¸,ë²„ì¦ˆ,ì€ì¸
8udoqIgxv9I,https://www.youtube.com/watch?v=8udoqIgxv9I&list=PLL6I8MNWZbds699u4PSmaTmiSNFGuLmyw&index=8&pp=iAQB8AUB,[Buzz (ë²„ì¦ˆ) 1ì§‘ - Morning Of Buzz] ì–´ì©Œë©´,ë²„ì¦ˆ,ì–´ì©Œë©´
yR86EF7L8YY,https://www.youtube.com/watch?v=yR86EF7L8YY&list=PLL6I8MNWZbds699u4PSmaTmiSNFGuLmyw&index=9&pp=iAQB8AUB,ë²„ì¦ˆ - ì‚¬ë‘ì€ ê°€ìŠ´ì´ ì‹œí‚¨ë‹¤ Part.3,ë²„ì¦ˆ,ì‚¬ë‘ì€ ê°€ìŠ´ì´ ì‹œí‚¨ë‹¤ Part.3
GX1xLqm3BW0,https://www.youtube.com/watch?v=GX1xLqm3BW0&list=PLL6I8MNWZbds699u4PSmaTmiSNFGuLmyw&index=10&pp=iAQB8AUB,ë²„ì¦ˆ - tomorrow (ê°€ì‚¬ í¬í•¨),ë²„ì¦ˆ,tomorrow
xCEIDOV424M,https://www.youtube.com/watch?v=xCEIDOV424M&list=PL701-9I7yEsIjT6sFzxrr2AwXEAejoROG&index=1&pp=iAQB8AUB,lost ego,ë„¬,lost ego
JhugbZyj1bE,https://www.youtube.com/watch?v=JhugbZyj1bE&list=PL701-9I7yEsIjT6sFzxrr2AwXEAejoROG&index=2&pp=iAQB8AUB,white dwarf,ë„¬,white dwarf
392woXpg7gM,https://www.youtube.com/watch?v=392woXpg7gM&list=PL701-9I7yEsIjT6sFzxrr2AwXEAejoROG&index=3&pp=iAQB8AUB,Thank You,ë„¬,Thank You
MjTBfj9vNvY,https://www.youtube.com/watch?v=MjTBfj9vNvY&list=PL701-9I7yEsIjT6sFzxrr2AwXEAejoROG&index=4&pp=iAQB8AUB,Selfish Love,ë„¬,Selfish Love
qhWRC-NcLr8,https://www.youtube.com/watch?v=qhWRC-NcLr8&list=PL701-9I7yEsIjT6sFzxrr2AwXEAejoROG&index=5&pp=iAQB8AUB,Unsaid,ë„¬,Unsaid
zt3NxTAnHxA,https://www.youtube.com/watch?v=zt3NxTAnHxA&list=PL701-9I7yEsIjT6sFzxrr2AwXEAejoROG&index=6&pp=iAQB8AUB,stay by the broken mouth,ë„¬,stay by the broken mouth
Uy22OxF1t-Y,https://www.youtube.com/watch?v=Uy22OxF1t-Y&list=PL701-9I7yEsIjT6sFzxrr2AwXEAejoROG&index=7&pp=iAQB8AUB,a dreamer's experience of reality,ë„¬,a dreamer's experience of reality
EFNGJLLP36o,https://www.youtube.com/watch?v=EFNGJLLP36o&list=PL701-9I7yEsIjT6sFzxrr2AwXEAejoROG&index=8&pp=iAQB8AUB,self-harm,ë„¬,self-harm
B8s7DJq4fcs,https://www.youtube.com/watch?v=B8s7DJq4fcs&list=PL701-9I7yEsIjT6sFzxrr2AwXEAejoROG&index=9&pp=iAQB8AUB,Marionette,ë„¬,Marionette
rl7MzG4gxx8,https://www.youtube.com/watch?v=rl7MzG4gxx8&list=PL701-9I7yEsIjT6sFzxrr2AwXEAejoROG&index=10&pp=iAQB8AUB,One Time Bestseller,ë„¬,One Time Bestseller